inundado%awash
inundar%submerge%flood%overwhelm%float%overrun%flush%inundate%overflow%deluge%glut
inusitado%unwonted
inútil%unavailing%void%useless%wasted%vain%idle%futile%unnecessary%needless%purposeless%worthless%good-for-nothing%pointless%unprofitable%unserviceable
inutilidad%pointlessness%futility%needlessness%inutility%vanity%worthlessness
inutilizable%unusable
inutilizar%spoil
inútilmente%uselessly
invadir%raid%creep%invade
invaginación%invagination
invalidación%nullification%nullifying
invalidar%rebut%quash%invalidate%void%override%nullify%annul%negate
invalidez%invalidity%disability
inválido%disabled%void%null%invalid
invariabilidad%invariability
invariable%unvarying%unchangeable%steadfast%invariable%changeless%invariant
invariablemente%invariably
invariante%invariant
invasión%invasion%inroad
Invasión de los Bárbaros%invasion of the barbarians
invasor%raider%invasive%invader
invectiva%invective
invencibilidad%invincibility
invencible%insuperable%insurmountable%unsurmountable%invincible
invención%fabrication%figment%discovery%device%invention%fiction%contrivance
invendible%unsalable%unsaleable%unmarketable
inventar%coin%devise%invent%concoct%fabricate%make up%think up%contrive
inventario%inventory%fixtures%stock%stocktaking%schedule
inventiva%inventiveness%resourcefulness%imagination%invention%ingenuity
inventivo%ingenious%resourceful%inventive
invento%invention%fiction
inventor%deviser%inventor%contriver
invernáculo%glasshouse%greenhouse%hothouse
invernada%wintering
invernadero%glasshouse%greenhouse%hothouse%conservatory
invernal%wintry%winterly
invernar%winter%hibernate
inverosímil%improbable%unlikely
inverosimilitud%improbability%unlikelihood
inversamente%inversely
inversión%reversal%input%investment%reverse%inversion
inversión ambiental%environmental investment
inversión de control%inversion of control
inversionista%investor
inverso%converse%reverse%inverse
inversor%investor
invertebrado%invertebrate%spineless
invertido%inverted%invert%invested
invertir%place%put%invert%reverse%invest
investigación%inquisition%research%investigation%inquiry%researching
investigación ambiental%environmental research
investigación aplicada%applied research
investigación científica%scientific research
investigación cualitativa%qualitative research
investigación cuantitativa%quantitative research
investigación de laboratorio%laboratory research
investigaciones%enquiries
investigación espacial%space research
investigación interdisciplinaria%interdisciplinary research
investigación pura%pure research
investigado%examined
investigador%investigator%researcher%explorer%student%investigatory%investigative%experimenter
investigar%explore%search%research%inquire%study%investigate%look into
investir%endue
inveterado%inveterate%confirmed%habitual
invierno%winter
inviolabilidad%sanctity%inviolability
inviolable%inviolable%sacred
inviolado%inviolate
invisibilidad%invisibility
invisible%invisible
invitación%invitation%bid
invitacional%invitational
invitado%invited%guest
invitar%invite%bid%ask round%invite out%ask
invocación%invocation%invoking
invocado%invoked
invocar%invoke
involución%involution
involucrado%involved%implicated
involucrar%involve%implicate
involuntario%unintentional%involuntary%unwitting
invulnerabilidad%invulnerability
invulnerable%invulnerable
inyección%injection%jab%shot
inyección de código%code injection
inyección SQL%SQL injection
inyectado%injecting
inyectar%syringe%inject
inyector%nozzle%injector
ion%ion
iónico%ionic
ionización%ionization
ionizar%ionize
ionosfera%ionosphere
iota%iota
ir%lead%move%bet%drag on%put%step%run%travel%ride%drive%keep%collapse%head%pass%fit%tend%exist%go%be%walk%suit
ira%anger%passion%ire%wrath%rage%dander
iracundo%ireful%wrathful%choleric
Irak%Iraq
Irán%Iran
irán%iran
iraní%Iranian
iranio%iranian
iraquí%Iraqi
irascible%tetchy%peppery%irascible%hot-tempered%testy%inflammable%fiery%waspish
iridio%iridium
iridología%iridology
iris%iris
irlanda%ireland
Irlanda%Eire%Ireland%Erin
Irlanda del Norte%Northern Ireland
irlandés%Irishman%irish%irishman%Irish%Irishmen
irlandesa%Irishwoman%irishwoman
irlandés antiguo%Old Irish
irlandés hablado%Irish Spoken
Irma%Irma
ironía%irony
ironías%ironies
irónico%ironical%ironic
ironizar%ridicule
irracional%irrational%surd%reasonless
irracionalidad%irrationality
irracionalmente%irrationally
irradiación%irradiance%eradiation%irradiation
irradiar%eradiate%radiate%beam%irradiate
irrazonable%unreasonable
irreal%fantastic%unreal
irrealidad%unreality
irrealizable%unrealizable
irrebatible%invincible
irreconciliable%irreconcilable
irrecuperable%irretrievable%irrecoverable
irredentismo%irredentism
irreductible%stubborn
irreemplazable%irreplaceable
irreflexión%rashness%thoughtlessness
irreflexivo%unthinking%inconsiderate%unwary%thoughtless
irrefutable%irrefutable%unarguable
irregular%erratic%unsteady%uneven%irregular
irregularidad%irregularity
irregularmente%fitfully%erratically
irrelevancia%irrelevance
irrelevante%irrelevant
irreligioso%ungodly%godless%irreligious
irremediable%incurable%remediless%irremediable%hopeless
irremediablemente%irremediably
irreparable%irretrievable%irreparable%irrecoverable
irreparablemente%irreparably
irrepetible%unquotable
irreprimible%irrepressible
irreprochable%irreproachable%faultless%unimpeachable%unexceptionable
irresistible%overpowering%irresistible%resistless
irresoluble%irresolvable%unsolvable
irresolución%indecision%hesitation%irresolution%hesitancy%hesitance
irresoluto%indecisive%hesitant%irresolute
irrespetuoso%disrespectful%irreverent
irresponsabilidad%irresponsibility
irresponsable%irresponsible
irresponsablemente%irresponsibly
irrestricto%discretionary
irreverencia%irreverence%profanity
irreverente%irreverent
irreversibilidad%irreversibility
irreversible%irreversible
irrevocabilidad%irrevocability
irrevocable%irreversible%indefeasible%irrevocable
irrigación%douche%watering%irrigation
irrigador%irrigator
irrigar%irrigate
irrisión%mock%ridicule%derision
irrisorio%derisory
irritabilidad%petulance%testiness%snappishness%touchiness%irritability
irritable%tetchy%irritable%testy%liverish%fretful%touchy%excitable%sore
irritación%irritation%exasperation%fret
irritado%testy%irritated%vexed
irritador%irritant
irritante%irritating%provocative%exasperating%irritant%irritative%aggravating
irritar%irritate%incense%vex%provoke%anger%pique%nettle%exacerbate%excite%exasperate%aggravate%spite%ruffle
irrompible%unbreakable
irrumpir%burst%invade%break
irrupción%raid%irruption
irse%quit%move%get along%exit%depart%leak%go%walk%escape%leave
Irvin%Irvin
ir y venir%walk about
Isaac%Isaac
Isaacson%Isaacson
isabelino%Elizabethan
Isis%Isis
isla%isle%island
Isla Bouvet%Bouvet Island
Isla de Man%Isle of Man
Isla de Navidad%Christmas Island
Isla de Pascua%Easter Island
isla flotante%floating island
islam%islam%Islam
islámico%Islamic
islamización%Islamization
islamofobia%Islamophobia
islandés%Icelandic%Icelander%icelandic%icelander
Islandia%Iceland
Islas Británicas%British Isles
Islas Caimán%Cayman Islands
Islas Cook%Cook Islands
Islas del Canal%Channel Islands
Islas Eolias%Aeolian Islands
islas Kuriles%Kuril Islands
islas Malvinas%Falkland Islands
Islas Marianas del Norte%Northern Mariana Islands
Islas Marshall%Marshall Islands
Islas Pitcairn%Pitcairn Islands
Islas Salomón%Solomon Islands
Islas Turcas y Caicos%Turks and Caicos Islands
Islas Vírgenes Británicas%British Virgin Islands
Islas Yaeyama%Yaeyama Islands
isleño%islander
isleta%isle%islet
ISO 3166-1 alfa-2%ISO 3166-1 alpha-2
isobara%isobar
isobárica%isobaric
isócrono%isochronous
isogamia%isogamy
isómero%isomeric%isomer
isometría%isometry
isomorfismo%isomorphism
isomorfo%isomorphic
isósceles%isosceles
isoterma%isotherm
isotérmicamente%isothermally
isotérmico%isothermal
isotónica%isotonic
isotópico%isotopic
isótopo%isotope
isotropía%isotropy
isquemia%ischemia
isquiático%ischiatic
Israel%Israel
israelí%israeli%Israeli
israelita%jew%israelite
istmo%isthmus%neck
Italia%Italy
italiano%italian%Italian
ítem%item%also
iteración%iterance%iteration
iterar%iterate%repeat
iterativo%iterative
iterbio%ytterbium
itinerante%itinerant
itinerario%route%timetable%itinerary
itrio%yttrium
IVA%VAT
izar%lift%put up%raise%hoist
Izmir%Izmir
izquierda%left
izquierdismo%leftism
izquierdista%leftist%left-winger
izquierdo%left%near
jabalí%boar%wild boar
jabalina%javelin
jábega%trawl
jabón%soap
jabonadura%suds
jabonar%soap%lather
jabonera%soapbox
jabonoso%soapy
jaca%pony%nag
jácena%girder
jacinto%jacinth%hyacinth
Jackman%Jackman
Jacobo%Jacoby%Jacobi
Jacobsen%Jacobsen
Jacoby%Jacoby
jactancia%vaunt%boastfulness%boast%brag%braggadocio
jactancioso%braggart%boastful%boaster%blustery
jactarse%vaunt%boast%brag
jade%jade%nephrite%greenstone
jadeante%breathless
jadear%wheeze%puff%pant%gasp%blow
jadeo%wheeze%pant%panting
jaez%sort%kind
jaguar%jaguar
jakalteko%Jakaltek
Jakasia%Khakassia
jalado%plastered
jalar%pull
jalea%jelly
jalear%encourage
jaleo%racket%fuss%row%din
jalón%pole%stake%rod
jalonar%mark out%mark%mark off
Jamaica%Jamaica
jamar%eat
jamás%ever%never
jamás soñado%undreamed-of
jamba%jamb
jamelgo%jade%hack
jamón%gammon%ham
jangada%raft
jansenista%Jansenist
Japón%Nippon%Japan
japón%japan
japonés%japanese%Japanese%Nipponese%nipponese%nip
jaque%check
jaquear%check
jaqueca%megrim%migraine%headache%sick headache
jarabe%sirup%syrup
jarabe de arce%maple syrup
jarabe de menta%mint syrup
jaranero%reveller%roisterer
jarcia%lot%heap%pile%rigging%tackle
jardín%garden
jardín botánico%botanical garden
jardín de hierbas%herb garden
jardinería%gardening
jardinero%gardener
jardín formal francés%French formal garden
jardín inglés%English garden
jaro%arum
jarra%jug%jar%pitcher%mug
jarretera%garter
jarro%jug%flagon%ewer%container%can%tankard%vase%pot%vessel%pitcher%jugful%mug
jarrón%urn%vase%flagon
Jartum%Khartoum
Jason%Jason
jaspe%jasper
jaspeado%marbling%marbled%marble
jaula%jail%birdcage%calaboose%mew%lockup%cage
jauría%pack
javanés%Javanese
Javier%Xavier
jazmín%jessamine%jasmine
jazz%jazz
Jed%Jed
jedive%khedive
jeep%jeep
jefatura%leadership%headship%headquarters%command
jefe%leader%head%commander%master%foreman%chief%principal%boss%chieftain%manager%headman%superior%bellwether
jefe de cocina%chef
jefe de estación%stationmaster
Jefferson%Jefferson
jején%gnat
jengibre%ginger
Jennifer%Jennifer
Jensen%Jensen
jeque%sheikh%sheik
jerarquía%hierarchy
jerarquía de control%control hierarchy
jerárquica%hierarchical
jerárquico%hierarchical
jerarquizar%rank
jerba hablado%Jerba Spoken
jeremiada%jeremiad
Jeremiah%Jeremiah
jerga%jargon%slang%gibberish%argot%patois%lingo%cant
jergón%paillasse%pallet
jerife%sheriff
jerigonza%jargon%gibberish%cant
jeringa%syringe%squirt
jeringar%syringe%inject%annoy
jeringuilla%syringe
jeroboam%Jeroboam
jeroglífico%hieroglyph%rebus%hieroglyphic
Jeroglífico%hieroglyph
Jerome%Jerome
Jerónimo%Jerome
Jerry%Jerry
jersey%jersey%sweater%pullover%jumper
jerusalén%jerusalem
Jerusalén%Jerusalem
Jessica%Jessica
Jessie%Jessie
jesuita%Jesuit%jesuit
Jesús%Jesus%jeez
jet%jet plane%jet
jeta%snout%dial%muzzle
jibia%cuttlefish%sepia
jícara%cup
jilguero%goldfinch%linnet
Jill%Jill
jineta%genet
jinete%equestrian%rider%horseman%cavalier
jingoísmo%jingoism
jingoísta%jingo
jira%tour%excursion
jira campestre%outing
jirafa%giraffe%camelopard
jirón%rag%shred%tatter
jit%hit
jockey%jockey
jocosamente%jocosely
jocosidad%pleasantry%jocularity
jocoso%facetious%jocular%humorous%jocose
jocundidad%jocundity
jocundo%jocund%blithesome%blithe
jodido%fucked
Joe%joe
jofaina%bowl%washbasin%basin%washbowl
Johannesburgo%Johannesburg
Johnnie%Johnnie
Jon%Jon
Jonathan%Jonathan
Jones%Jones
Joplin%Joplin
Jordania%Jordan
jordano%Jordanian
Jorge%George%Jorge
Jorge el curioso%Curious George
jornada%day
jornal%hire%pay%wage
jornalero%journeyman
joroba%hunch%hunchback%humpback%hump
jorobado%humpbacked%hunchback%humpback%stooped%hunchbacked
jorobar%tease%bother%annoy
José%Josef
Josef%Josef
Joshua%Joshua
Josiah%Josiah
Josué%Joshua
jota%iota%jot
joule%joule
joven%young woman%youngster%youth%young man%lad%young%girl%youthful%junior%teen%miss
jóvenes%youth%young
joven promesa%whizz-kid
jovial%jocund%jovial%blithe%cheerful%rollicking%mirthful%merry%blithesome%cheery%gay%jolly%genial%jocular
jovialidad%geniality%gaiety%cheerfulness%joviality%jocundity
joviano%Jovian%jovian
joya%jewel%gem
joyería%jewelry%jewellery
joyero%jeweler%jeweller
joystick%joystick
Juan%John
juanete%bunion
Juanita%Juanita
Juanito%Johnnie
jubilación%pension%retirement
jubilado%pensioner%retired%retiree%pensionary
jubilar%rejoice%jubilate
jubileo%jubilee
jubileo de diamante%diamond jubilee
júbilo%jubilance%jubilation
jubilosamente%jubilantly
jubiloso%gleesome%jubilant%joyous%gleeful%exultant%joyful
Judá%Judah
judaicamente%Jewishly
judaico%Judaic%jewish
judaísmo%judaism%Judaism
judaización%Judaization
judaizar%Judaize
judas%judas%peephole
Judas%Judas
judeo-español%Judeo-Spanish
judería%jewry%Jewry
judía%jewess%bean%Jewess%haricot
judicial%judiciary%legal%judicial%forensic
judicialmente%judicially
judiciario%judicial
judío%jew%Jewish%jewish
judo%judo
Judy%Judy
jueces%Judges
juego%movement%suite%play%service%game%motion%gear%suit%equipment%kit%set
juego de dobles%doubles
juego de manos%trick
juego de palabras%pun%play on words
juegos%games
juegos malabares%jugglery
Juegos Olímpicos%Olympics
juerga%bat%spree%bum%binge%bender
juerguista%reveller
jueves%thursday%Thursday
Jueves Santo%Holy Thursday
juez%referee%judge%magistrate%justice%adjudicator
Juez de circuito%circuit judge
juez de línea%linesman
juez de salida%starter
jugada%move%stroke%play
jugador%gambler%gamester%player
jugador de cricket%cricketer
jugando%toying
jugar%gamble%romp%move%wanton%toy%play%dally
jugarse%play
juglar%juggler
jugo%juice%gravy%meat%sap
Jugo de naranja%orange juice
jugosidad%sappiness%succulence
jugoso%succulent%juicy%sappy%meaty
juguete%toy%plaything%sport
juguetear%gambol%disport%wanton%play%rollick%romp%toy%flirt%dally%frisk%frolic
jugueteo%dalliance
juguetería%toyshop
juguetón%sportful%tricksy%kittenish%frolicsome%sportive%frisky%playful%gamesome
juicio%trial%reasonableness%judgement%reason%judgment%wit%discretion%sanity%sensibleness%judiciousness%adjudication%mind
juicioso%sensible%judicious%sedate%staid%discreet%reasonable%wise%level-headed
Julia%Julia
julio%joule%July%july
Julio%Julius
Julio César%Julius Caesar
Julius%Julius
jumenta%jennet
jumento%ass%donkey
junco%rush%bulrush%cane%reed
jungla%jungle
junio%June%june
júnior%junior
junípero%juniper
junta%seal%junta%meeting%committee%board%council%consultation%joint%conference%union%juncture%commission%assembly%splicing
junta directiva%board of trustees
juntamente%jointly%together
juntar%piece%put together%piece together%amass%assemble%marry%joint%collect%aggregate%unite%tie%muster%join%couple%gather%congregate%splice%get together%draw together%meld
juntarse%unite%come together%meet%join%mingle%gather%congregate%flock%draw together
junto%together%close-set
junto a%alongside%about%beside
junto a la tumba%graveside
junto al camino%wayside
juntos%together%altogether
juntura%joint%seam%junction%union%juncture%joining%join
Júpiter%Jupiter%Jove
jura%oath
jurado%juror%juryman%jury%panel%jurymen%Judges
juramento%vow%oath
Juramentos de Estrasburgo%Oaths of Strasbourg
jurar%vow%cuss%swear%curse%blaspheme
jurar en falso%forswear
jurásico%Jurassic%jurassic
Jurásico%Jurassic
juray hablado%Juray Spoken
jurídico%juristic%legal%juristical%juridical%legalistic
jurisdicción%jurisdiction
jurisdicción administrativa%administrative jurisdiction
jurisdiccional%jurisdictional
jurisprudencia%law%jurisprudence
jurista%lawyer%jurist
justa%joust%tourney%tournament%tilt
justamente%justly%aright%right%just%exactly
justicia%right%law%execution%justice%righteousness
justiciero%just
justificable%justifiable
justificación%warrant%justification%exculpation%substantiation%warranty
justificado%justified%right%just%righteous%true%condoned
justificar%authorize%warrant%vindicate%rectify%clear%exculpate%justify%prove%substantiate%excuse
Justine%Justine
Justino%Justine
justiprecio%rating
justo%fair%due%correct%bang%even%righteous%true%honest%right%straight%just%rightful%precise%equitable
Jutlandia%Jutland
juvenil%youth%teenage%juvenile%young%youthful
juvenilmente%youthfully
juventud%youth
juzgado%court%tribunal%courthouse%deemed
juzgar%judge%adjudicate%assess%deem%estimate%esteem%repute%gauge%try%think%adjudge
kakwa escrito%Kakwa Written
kakwa hablado%Kakwa Spoken
Kalamazoo%Kalamazoo
Kaliningrado%Kaliningrad
Kalmukia%Kalmykia
kan%khan
Kane%Kane
kanjobal occidental%Western Kanjobal
Kaohsiung%Kaohsiung
Kaplan%Kaplan
kaput%kaput
kaqchikel occidental%Western Kaqchikel
kaqchikel oriental%Eastern Kaqchikel
karaboro occidental%Western Karaboro
Karaganda%Karaganda
karate%karate
kashmiri escrito%Kashmiri Written
Katmandú%Kathmandu
katu occidental%Western Katu
Kauffman%Kauffman
Kawasaki%Kawasaki
kayac%kayak
kayah occidental%Western Kayah
kayah oriental%Eastern Kayah
kazajo%Kazakh
kazajo escrito%Kazakh Written
kazajo hablado%Kazakh Spoken
Kazajstán%Kazakhstan
Keats%Keats
keiga hablado%Keiga Spoken
Keith%Keith
Keller%Keller
Kenia%Kenya
keniano%Kenyan
keres occidental%Western Keres
keris%kris
Kessler%Kessler
ketamina%ketamine
Kettering%Kettering
khmu escrito%Khmu Written
Kieffer%Kieffer
Kiel%Kiel
Kigali%Kigali
kilo%kilo%kilogram%kilogramme
kilobytes%kilobytes
kilogramo%kilo%kilogram%kilogramme
kilohercio%kilohertz
kilómetro%kilometer%kilometre
kilovatio%kilowatt
Kimberly%Kimberly
kimono%kimono
kinder%kindergarten
kindergarten%kindergarten
kinesiología%kinesiology
kiosco%kiosk
kiosco de diarios%newsstand
Kirguistán%Kyrgyzstan
Kirkland%Kirkland
kirsch%kirsch
kiwi%kiwi
Klaus%Klaus
Kline%Kline
Knowlton%Knowlton
knut%knout
Kohler%Kohler
Kong%Kong
korandje hablado%Korandje Spoken
koya hablado%Koya Spoken
krahn occidental%Western Krahn
Krebs%Krebs
Kremlin de Moscú%Moscow Kremlin
kris%kris
Kristen%Kristen
Krueger%Krueger
kudiya hablado%Kudiya Spoken
kullu pahari hablado%Kullu Pahari Spoken
kumyk escrito%Kumyk Written
kumyk hablado%Kumyk Spoken
kuna croata%Croatian kuna
kung fu%kung fu
kurchatovio%kurchatovium
kurdo%Kurdish
kurmukar hablado%Kurmukar Spoken
kuwaití%Kuwaiti
kwacha zambiano%Zambian kwacha
Kyushu%Kyushu
la%the%a%that%her
laberíntico%labyrinthine%mazy
laberintitis%labyrinthitis
laberinto%labyrinth%maze
labia%glibness
labial%labial
lábil%labile
labio%labium%lip
labio leporino%harelip
labios%lips
labor%labor%work%toil%tillage%task%labour
laboral%occupational%working
laborante%worker
laborar%labor%work%labour
laboratorio%laboratory%lab
laboratorio de SIG%GIS laboratory
labor de ganchillo%crochet
laborear%work
labores de aguja%stitching
laboriosamente%tirelessly
laboriosidad%industry
laborioso%labor-intensive%working%labour-intensive%toilsome%heavy%laborious%industrious%assiduous%hardworking%sedulous
labrado%wrought%embossed%hewn
labrador%farmer%husbandman%ploughman%tiller
labrantío%arable
labranza%farming%tilth%tillage%husbandry%farm
labrar%cut%work%cause%farm
labriego%peasant
laca%lacker%varnish%lacquer%hairspray
lacayo%menial%flunky%lacquey%groom%flunkey%footman%lackey
laceración%laceration
lacerar%damage%savage%injure%rend%hurt%tear%lacerate%violate
lacio%limp%lank%flabby%languid
lacónico%brief%laconic
lacra%scar
lacrar%seal%infect%injure
lacre%sealing wax
lacrimal%lachrymal
lacrimoso%tearful%maudlin%lachrymose%lachrymal
lactación%lactation
lactancia%nursing
lactante%nursling%suckling
lactar%suckle
lactasa%lactase
lácteo%milky%galactic%lacteal%dairy%milk
lactescente%lactescent
láctico%galactic%lactic
lactina%lactose
lactona%lactone
lactosa%lactose
lacunae%lacunae
lacustre%lacustrine
LADD%LADD
ladeado%awry%askew%wry%banked
ladear%tip%incline%tilt%lean
ladearse%incline%tilt
la década de los treinta%thirties
ladeo%leaning%tilt%dip
ladera%side%slope%brae%hillside
ladero%lateral
ladino%cunning%cagey%crafty
ladino escrito%Ladino Written
lado%way%side%flank%part%end
lado izquierdo%left-hand
ladrador%barking
ladrar%rumble%bark
ladrido%yap%barking%bark%woof
ladrillar%brickyard
ladrillero%brickmaker
ladrillo%brick
ladrón%villain%burglar%shoplifter%housebreaker%thief%robber
ladronzuelo%pilferer
lagartija%lizard
lagarto%lizard
lager%lager
lago%lake%mere%lough%loch
lago de Ginebra%Lake Geneva
lago miwok%Lake Miwok
lago Starnberg%Lake Starnberg
lagotero%flattering
lagowa hablado%Lagowa Spoken
Lagrange%Lagrange
lágrima%teardrop%tear%drop
lagrimal%lachrymal
lagrimar%cry
lágrimas de cocodrilo%crocodile tears
lagrimear%tear
laguna%lake%lagoon%vacancy%hiatus%gap%blank%lacuna%lacunae
laguna de arrecife de coral%coral reef lagoon
lagunajo%plash
lagunoso%boggy%marshy
La Habana%Havana
laicizar%laicize
laico%secular%layman%laical%laic
laja%slab
lak hablado%Lak Spoken
lama%mud%ooze%lama
lamarckismo%Lamarckism
lambiscón%toady
lamebotas%toady
La Meca%Mecca
lameculos%kisser
lamedura%lick
la menor cantidad de%fewest
lamentable%deplorable%woeful%rueful%pitiful%pitiable%sorrowful%woesome%regrettable%lamentable
lamentablemente%lamentably%pitifully%pitiably
lamentación%lamentation%wailing
lamentado%regretted
lamentar%wail%weep%regret%mourn%pity%deplore%bewail%lament%rue%bemoan
lamentarse%wail%moan%lament%howl%complain%bewail%regret%repine%mourn
lamento%wail%moan%lament%plaint%lamentation%cry
lamentoso%plaintive
lamer%lick
lámina%slab%sheet%plate%picture
laminación%lamination
laminado%laminate
laminar%roll
laminilla%foil%scale
lámpara%lamp%light
lámpara de arco%arc lamp
lámpara de bolsillo%torch
lámpara fluorescente%fluorescent lamp
lampiño%hairless%smooth-faced
lamprea%lamprey
lamprear%whip
lana%fleece%wool
lance%throw%incident%cast%affair
lancero%lancer
lanceta%lancet
lancha%boat
Landwehr%Landwehr
lanero%woolen
Langley%Langley
langosta%locust%grasshopper%lobster%crawfish
langosta del desierto%desert locust
langostino%prawn
lánguidamente%wanly
languidecer%languish%pine%flag%wilt
languidez%languor
lánguido%limp%wan%sickly%languorous%languid
lanolina%lanolin
lanoso%wooly%woolly%fleecy
Lansing%Lansing
lantano%lanthanum
lanza%spear%shaft%pole%lance
lanzacohetes%launcher
lanzadera%shuttle
lanzado%threw%flipped%hurled
lanzador%thrower
lanzallamas%flamethrower
lanzamiento%toss%throw%fling%cast%launch%release%launching%throwing%hurl%heave%pitch%lift-off%blastoff
lanzamiento de penaltis%shootout
lanzando%tossing%hurtling
lanzar%cast%drop%hurtle%fire%pitch%toss%fling%throw%launch%release%hurl%shoot%sling%heave%lower%set up%dash%tossed
lanzarse%plunge
Lao%Lao
laparoscopia%laparoscopy
lápida%headstone
lapidación%lapidation%stoning
lapidar%lapidate%cut%stone
lapidario%lapidary
lapislázuli%lazuli
lápiz%pencil
lápiz labial%lipstick
lapso%lapse
lapsus calami%slip of the pen
lapsus linguae%slip of the tongue
laquear%varnish
Laramie%Laramie
lardar%lard
lardear%lard
lardo%lard%fat%bacon
lardoso%lardy
lares%home
larga distancia%long-distance
largamente%long
largar%unfurl%throw%reach%fire%bung%release%loosen
largarse%walk off%quit%scoot%push off%shove off%begin
largo%length%lengthy%long%largo%great%livelong
largometraje%feature film
largo tiempo%long
larguero%support
largueza%largesse%largess
larguirucho%lanky%gangling%gangly
largura%length
laringe%larynx
laríngeo%laryngeal
laringitis%laryngitis
Lars%Lars
larva%grub%larva%maggot
larval%larval
las%the%those%them
lasaña%lasagna
lasca%chip
lascivia%lust%lasciviousness%pruriency%prurience%lechery
lascivo%prurient%wanton%lickerish%lecherous%lascivious
láser%laser
lasitud%lassitude
lástima%condolence%pity
lastimado%bruised
lastimadura%hurt
lastimar%offend%harm%bruise%wound%hurt%pity%injure
lastimeramente%pathetically
lastimero%mournful%grievous%woeful%piteous%plaintive%lamentable%dolorous
lastimoso%deplorable%pitiable%rueful%pathetic%miserable%pitiful%lamentable
lastrar%burden
lastre%ballast%liability
lata%canister%pest%drag%bore%tin%can
latencia%latency
latente%latent%secret%hidden%dormant
lateral%lateral%side%sideways%sidelong%off%by
lateralmente%dorsally
latido%pulsation%yelp%beating%heartbeat%beat%throb%pulse
latigazo%lash%whip%whiplash
látigo%lash%whip%scourge
latiguear%whip
latín%Latin%latin
latina%Latina
latinizar%Latinize
Latín Medieval%Medieval Latin
latino%Latin%latin
latinoamericano%Latin American
latir%pulsate%palpitate%knock%beat%throb%bark%pulse
latirismo%lathyrism
latitud%latitude%breadth
lato%large
latón%brass
latoso%prosy%tedious%humdrum%annoying
latrocinio%robbery%thievery%theft%larceny
lats letón%Latvian lats
laúd%lute
laudable%laudable%praiseworthy
láudano%laudanum
laudatorio%commendatory%laudatory%eulogistic
laudista%lutenist
laureado%laureate
laurel%laurel%bay
Laurence%Laurence
lauro%laurel
Lausana%Lausanne
lava%lava
lavable%washable
lavabo%john%loo%washbasin%toilette%toilet%basin%cloakroom%sink%lavatory%washroom%washbowl%bathrooms
lavadero%washhouse%laundry
lavado%washing%wash%laundry%lavement
lavado de cerebro%brainwash
lavador%washer
lavadora%washing machine%washer
lavamanos%washbasin%washstand
lavanda%lavender
lavandera%washerwoman%washer%laundress
lavandería%laundry%launderette
lavándula%lavender
lavaplatos%dishwasher
lavar%scour%wash down%wash%swill%rinse%wash out%launder%clean
lavar el cerebro%brainwash
lavarropas%washing machine
lavarse%wash
lavatorio%wash%lavatory
lavavajillas%dishwasher
lavazas%wash%dishwater%slop
lawa occidental%Western Lawa
laxación%laxation
laxante%laxative%aperient
laxar%relax%loosen
laxativo%laxative
laxo%slack
laya%sort%kind%spade
lazada%bow%loop
lazarino%lazar
lazo%link%lasso%snare%connection%rope%tie%lariat%loop%bond%knot%bow%noose%trap%nexus%springe
le%you%it%him%her
leal%single-hearted%staunch%leal%square%true%honest%frank%faithful%constant%trusty%fast%loyal%stalwart%devoted
lealmente%loyally
lealtad%fealty%loyalty%directness%honesty%devotion%allegiance%forthrightness
lebrel%hound
lección%lection%lesson%reading%class%lecture
lecha%milt
lechada%whitewash%grout
lechar%whitewash%suckle%milk
leche%milk
lechecillas%sweetbread
leche cruda%raw milk
leche de arroz%rice milk
leche de coco%coconut milk
leche de grano%grain milk
leche de oveja%sheep milk
leche desnatada%skimmed milk
leche de soya%soymilk
leche de vaca%cow milk
leche entera%whole milk
lechera%dairymaid%milkmaid
lechería%creamery%dairy
lechero%milch%dairyman%milkman%dairy%milk%milkmen
lecho%riverbed%layer%bed%bedding
lecho bacteriano%bacterial bed
lecho de muerte%deathbed
lechón%piglet%sucking-pig%pig
lechoncillo%piglet
lechoso%milky
lechuga%salad%lettuce
lechuga romana%romaine
lechuguino%fop%beau%dude
lechuza%owl
lectivo%school
lector%reader%lector%lecturer
lectorado%lectorate
lectura%reading
lectura incorrecta%misreading
leer%read%peruse
leer en voz alta%read aloud
legación%legation
legado%legate%legacy%bequest%inheritance
legajo%file
legal%statutory%legal%lawful%de jure%legalistic
legalidad%legality
legalización%legalization
legalizar%legalise%authenticate%legalize%attest
légamo%slime%ooze
legar%devise%bequeath%leave
legatario%legatee
legendario%storied%fabled%legendary
legibilidad%legibility%readability
legible%legible%readable
legiblemente%legibly
legión%legion
legionario%legionary
legislación%law%legislation%lawmaking
legislación ambiental%environmental legislation
legislación marco%framework legislation
legislación nacional%national legislation
legislador%lawmaker%legislator%lawgiver
legislar%legislate
legislativo%legislative
legislatura%legislature
legista%jurist
legitimación%legitimation%probate
legítima defensa%self-defence%self-defense
legitimar%legitimize%legalize
legitimidad%genuineness%legitimacy%legality
legitimista%legitimist
legítimo%pukka%legitimate%rightful%legal%genuine%true%real%lawful
lego%secular%layman%laic
legra%scraper
legrado%curettage
legrar%scrape
legumbre%vegetable%legume
legumbres%vegetables
leguminoso%leguminous
Leiden%Leiden
leído%well-read
leitmotiv%leitmotif
lejanía%remoteness%distance
lejano%out-of-the-way%far-off%outlying%distant%far%remote%faraway%distantly
lejía%lye
lejos%afar%distance%away%far away%far%afield
lejos de la costa%offshore
lek albanés%Albanian lek
lema%watchword%slogan%catchword%device%motto
leming%lemming
lémur%lemur
leña%wood%brushwood%firewood
leñador%woodsman%woodcutter%lumberer%lumberman%lumberjack%logger
lencería%lingerie
