arrojar%give out%cast%project%belch%eject%hurtle%issue%emit%cast out%pitch%toss%throw%fling%throw out%spout%chuck%spew%launch%hurl%shoot%sling%heave%dash%disgorge%give off
arrojar basura%littering
arrojarse%plunge
arrojo%spunk%daring
arrollado%coiled
arrollamiento%winding
arrollar%wind%overwhelm%dumbfound%coil%roll
arropar%cover%endue%clothe%protect
arrostrar%face%face up to
arroyo%rivulet%brook%stream%gutter%creek
arroyuelo%rivulet%brooklet%streamlet
arroz%rice%Rice
arrozal%paddy
arroz blanco%white rice
arroz glutinoso%glutinous rice
arroz japonés%japanese rice
arroz jazmín%jasmine rice
arruga%fold%cockle%furrow%ruck%wrinkle%pucker%line%crinkle%crease
arrugado%creasy%creased%wrinkled%wrinkly%wizened%shrivelled%lined%crinkly
arrugando%crumpling
arrugar%wrinkle%corrugate%shrivel%rumple%pucker%crumple%crease
arrugarse%crease
arruinado%desolate%ruined%shipwrecked%wrecked
arruinador%wrecker%buster
arruinamiento%ruination
arruinar%wreck%blast%blight%ruin%dilapidate%bankrupt%smash%ravage%scuttle
arruinarse%ruin
arrullar%coo
arrullo%lullaby
arrumar%stow
arsenal%armory%arsenal%armoury
arsénico%arsenic
arte%art%craftsmanship%craft%science%skill%artistry%knack%know-how%Art
arte aborigen%Aboriginal art
arte abstracto%abstract art
arte cinético%kinetic art
arte de gobernar%statecraft
arte de la costura%needlecraft
arte de vender%salesmanship
arte digital%digital art
arte erótico%erotica
artefacto%gadget%engine%contraption%device%appliance%contrivance
artejo%joint
arte marcial%martial art
arteria%artery
arterial%arterial
arteria pulmonar%pulmonary artery
arteriosclerosis%arteriosclerosis
artero%wily%tricky%crafty%designing
artes%arts
artesa%trough
artesanía%handicraft
artesano%craftsman%artisan%wright%tradesman%handicraftsman
artes gráficas%graphics
artesiano%artesian
artes liberales%liberal arts
artes marciales mixtas%mixed martial arts
Arthurian%Arthurian
ártico%arctic
articulación%link%joint%juncture%articulation%knuckle
articuladamente%articulately
articulado%collapsible%articulate%jointed
articular%articular%joint%articulate%enunciate
artículo%object%commodity%item%article%thing%section%paper
artículo de fondo%leader%editorial
artículo demostrativo%demonstrative article
artículo determinado%definite article
artículo indefinido%indefinite article
artículo posesivo%possessive article
artículos de aseo personal%toiletries
artículos de plata%silverware
artículos de tocador%toiletries
artífice%maker%craftsman%architect%wright%author
artificial%man-made%unnatural%factitious%artificial
artificio%artifice%sleight%deceit%dodge%device%contrivance%craft%cunning%shift%appliance%knack
artificioso%guileful%crafty
artillería%gunnery%artillery
artillero%cannoneer%gunner%artilleryman
artilugio%gadget%dingus
artimaña%trap%stunt
artimañas%chicanery
artista%performer%artist%artiste
artístico%artistic%artistical
artrítico%arthritic
artritis%arthritis
artritis degenerativa%degenerative arthritis
artritis reumatoide%rheumatoid arthritis
artrópodo%arthropod
arveja%tare%vetch
arzobispado%archbishopric
arzobispal%archiepiscopal
arzobispo%archbishop
as%cannon%gun%ace
asa%lug%handle%holder%ear%handgrip
asado%roast%roasted%barbecued%baked
asador%spit
asadura%pluck
asaduras%offal%pluck
asaetear%bother
asalariado%hireling
asaltante%raider%attacker
asaltantes de caminos%highwaymen
asaltar%raid%storm%waylay%assault%attack%assail
asalto%onset%rush%mugging%attack%onslaught%raid%storm%assault%charge%burglary
asamblea%meeting%congress%muster%conference%convocation%gathering%convention%assembly
asambleas%assemblies
asamés%Assamese
asamés hablado%Assamese Spoken
a sangre fría%cold-blooded
asar%roast%broil%toast
asarse%fry
asbesto%asbestos
ascendencia%ancestry%ascendency
ascendente%assurgent%ascendant%upward%rising%soaring%ascending%ascendent
ascender%advance%prefer%rise%mount%raise%promote%elevate%amount%ascend%climb
ascendido%upgraded
ascendiente%ascendant%ancestor%influence
ascensión%ascent%rise%ascension
Ascensión%Ascension
ascensional%ascensional
ascenso%ascent%rise%elevation%jump%preferment%promotion%climb%advancement
ascensor%lift%elevator
asceta%ascetic
ascética%asceticism
ascético%ascetic
ascetismo%asceticism
asco%loathing%nausea%revulsion%disgust%distastefulness
aseado%tidy%neat%trim%spruce%smart%orderly%clean
asear%tidy%clean up%clean%sleek
asechanza%snare%ambush
asediar%bother%besiege
asedio%siege
aseguración%insurance
asegurado%assured%policyholder%secured%insured%tightened
asegurador%underwriter%insurer%assurer
aseguramiento%insurance%assurance
asegurar%ensure%warrant%fix%secure%fasten%assure%affirm%anchor%guarantee%underwrite%insure%rivet
aseguro%reassurance
asemejarse%resemble
asentada%sitting
asentado%everlasting%permanent%uninterrupted
asentamiento%settlement
asentar%sit%lay down%settle%seat%place%set
asentarse%settle
asentido%acquiesced
asentimiento%acquiescence%concurrence%assent
asentir%agree%assent%accede%consent%acquiesce
aseo%cleanliness%toilet%tidiness%cleanness%neatness
asepsia%asepsis
aséptico%aseptic
asequible%reachable%affordable%obtainable%achievable%attainable%accessible%available%procurable
aserción%predication%assertion
aserradero%sawmill
aserrador%sawyer
aserraduras%sawdust
aserrar%saw
aserrín%sawdust
asertivo%assertive
aserto%declaration%assertion
asesina%murderess
asesinado%assassinated
asesinar%murder%assassinate%slay%massacre%kill
asesinato%murder%killing%assassination%murdering
asesinato en masa%mass murder
asesino%cutthroat%murderer%slayer%murderous%killer%slaughterer%assassin
asesor%advisor%adviser%consultant%counselor%assessor
asesoramiento%advice
asesorar%advise
asestar%deal%shoot%point%drive%plant%fire%aim
aseveración%asseveration%contention%averment%affirmation
aseverar%affirm%assert%asseverate
asexuado%sexless
asexual%asexual%agamic
asexualidad%asexuality
asfaltado%tarring
asfaltar%asphalt
asfalto%tarmac%asphalt%blacktop
asfixia%asphyxiation%suffocation%choking
asfixiado%suffocated
asfixiante%choking
asfixiar%asphyxiate%suffocate
Asheville%Asheville
así%so%thereby%such%that%thus
Asia%Asia
Asia central%Central Asia
Asia Menor%Asia Minor
Asia oriental%East Asia
asiático%Asiatic%asian%Asian%asiatic
así como%as well as
asidero%grip%handle%holder%handgrip%handhold
asiduidad%diligence%assiduity%sedulity
asiduo%regular%zealous%eager%assiduous%sedulous%studious
asiento%entry%bed%site%seating%seat%place%bottom
asiento de copiloto%nearside
asiento trasero%backseat
asignable%assignable
asignación%assignment%assignation%allowance%allotment%allocation%slotting
asignación de tiempo%time allocation
asignación dinámica de memoria%dynamic memory allocation
asignado%assigned%slotting
asignando%attributing
asignar%allot%settle%appoint%assign%apportion%allocate%earmark
asignatura%subject
asilado%refugee
asilo%haven%refuge%shelter%sanctuary%home%harbour%asylum%retreat%harbor
asimetría%asymmetry
asimétrico%asymmetrical%asymmetric
asimiento%grip%seizure%hold%grasp%catch
asimilación%assimilation
asimilar%assimilate%adapt
asimilarse%assimilate
asimilativo%assimilatory
asimismo%likewise
asincrónico%asynchronous
asíndeton%asyndeton
asintomático%asymptomatic%symptomless
asíntota%asymptote
asintóticamente%asymptotically
asintótico%asymptotic
asir%snatch%grasp%take%tackle%seize%grip%clench%capture%clutch%catch%grab
Asiria%Assyria
asistencia%attendance%assistance%relief%care%aid%succor%help%succour%presence%handling
asistencias%alimony
asistenta%charwoman
asistente%helper%assistant%batman
asistido%assisted
asistir%assist%nurse%treat%help%attend%attending
asma%asthma%wheeziness
asmático%pursy%asthmatic%wheezy
asno%ass%donkey%jackass
asociación%incorporation%confederacy%partnership%guild%society%league%fellowship%association
asociado%associated%associate%affiliated%partner%bedfellow
asocial%asocial
asociar%unite%associate%affiliate%tie in%join
asociarse%unite%join
asolación%devastation
asolamiento%devastation%ravage%havoc
asolar%smite%devastate%ruin%desolate%ravage
asoldar%hire
asoleada%sunstroke
asomar%appear%show%put out%thrust out%peer%stick out
asomarse%show
asombrado%astonished%amazed%flabbergasted%wondering
asombrar%astound%flabbergast%surprise%appall%astonish%appal%stagger%amaze
asombrarse%wonder%marvel
asombro%wonderment%wonder%consternation%amazement%astonishment%surprise
asombroso%staggering%astounding%wonderful%marvellous%astonishing%amazing%marvelous%stupendous%wondrous%appalling
asonancia%assonance
asordar%deafen%stun
aspa%cross%blade%vane
aspartamo%aspartame
aspecto%sight%way%regard%guise%aspect%countenance%angle%look%appearance%face%side%view%exterior%visage%air
aspecto gramatical%grammatical aspect
ásperamente%truculently
aspereza%roughness%acrimony%harshness%acerbity%asperity%tartness%ruggedness
aspergilosis%aspergillosis
asperjar%sprinkle
áspero%ragged%rough%scabrous%scraggy%abrupt%brusque%sharp%gruff%tart%harsh%severe%disagreeable%grating%rugged%strict%acrimonious%sour%coarse%hard
aspersión%sprinkling
aspersor%sprinkler
áspid%asp
aspillera%loophole%embrasure
aspiración%intake%ambition%aspiration
aspiradora%vacuum cleaner%hoover
Aspiradora%Hoover
aspiradoras%vacua
aspirante%candidate%applicant%aspirant
aspirar%breathe in%aspire%suck%inhale%aspirate%drink%aim%suck up
aspirina%aspirin
asquerosamente%disgustingly
asquerosidad%nastiness
asqueroso%distasteful%foul%lousy%gross%disgusting%revolting%loathsome%beastly%rancid%noisome%nauseous%ugly%nasty
asta%spear%flagpole%shaft%pole%mast%horn
astato%astatine
astenosfera%asthenosphere
aster%aster
asterisco%star%asterisk
asterismo%asterism
asteroide%asteroid
astigmático%astigmatic
astigmatismo%astigmatism
astilla%spill%spall%chip%shiver%splinter%splint%sliver
astilla de vidrio%glass splinter
astillar%splinter%smash
astillero%shipyard%rack%dockyard%boatyard
Astor%Astor
astracán%astrakhan
astrágalo%talus
astral%astral%stellar
astreñir%astringe
astringente%astringent%styptic
astringir%compel
astro%star
astrobiología%astrobiology
astrocito%astrocyte
astrofísica%astrophysics
astrofísico%astrophysicist
astrolabio%astrolabe
astrolabio esférico%spherical astrolabe
astrología%astrology
astrológico%astrological
astrólogo%astrologer
astrometría%astrometry
astronauta%spaceman%astronaut
astronáutica%astronautics
astronave%spaceship
astronomía%astronomy
astronomía observacional%observational astronomy
astronómico%astronomical%astronomic
astrónomo%astronomer%stargazer
astroquímica%astrochemistry
astucia%wiliness%artfulness%wile%ruse%astuteness%foxiness%subtlety%cleverness%craftiness%slyness%craft%cunning%guile%trickery%shrewdness
asturiano%Asturian
astuto%foxy%devious%insidious%tricky%dodgy%crafty%wily%artful%subtle%sly%guileful%smart%sharp%shifty%malicious%clever%politic%canny%knowing%astute%leery%cunning%shrewd%slick%cannie
asueto%holiday%vacation
asumible%embraceable
asumir%take over%assume%presume%surmise%suppose%take
asunción%takeover%assumption
asunto%topic%subject%item%concern%case%issue%affair%question%matter%business%proposition%thing
asurar%burn%worry
asustadizo%scary%shy%skittish
asustado%startled%afraid%scared
asustar%affright%frighten%startle%alarm%scare
atacador%assailant%attacker%aggressor
atacante%assailant%aggressor
atacar%engage%strike%attack%tackle%raid%get at%storm%offend%assault%charge%go for%set on%set upon%assail%snipe
atado%tied%parcel%bundle%laced
atador%tier%binder
atadura%tying%tie%binding
atajar%cut across%stop
atajo%cutoff%shortcut
atalaya%watchtower
atalayar%watch
atañer%appertain
ataque%onset%strike%thrust%attack%bout%raid%seizure%drive%aggression%offence%fit%paroxysm%rush%stroke%charge%assault
ataque aéreo%air attack%air raid%air-raid
ataque de denegación de servicio%denial-of-service attack
ataque de diccionario%dictionary attack
ataque de inyección%injection attack
ataque DoS%DoS attack
ataque man-in-the-middle%man-in-the-middle attack
ataque suicida%suicide attack
atar%truss%tie down%shackle%pinion%tie%strap%fasten%bind%brace%hitch%attach%tether%tie up
atareado%busy
atarear%task
atarugar%plug%stuff
atascado%plugged
atascamiento%jam%bogging
atascar%stop up%congest%obstruct%foul%plug%choke%clog%block%jam
atascarse%jam
atasco%jam
ataúd%casket%coffin
ataviar%rig%trick up%trick out%accoutre%garnish%titivate%perk%bedeck%dress
atávico%atavistic
atavío%attire%garnish%dress
atediar%bore
ateísmo%atheism
ateísta%atheistic%atheist
atemorizar%terrify%frighten%overawe%browbeat%dreading
atemperar%adjust%temper%mollify
Atenas%Athens
atenazar%torment
atención%notice%attention%heed%solicitude%attentiveness%thoughtfulness%care%caters
atender%serve%nurse%meet%heed%hear%tend%mind%care%attend%attending
atenerse%go by%obey
atentado%attempt%assault
atentamente%attentively
atentar%attack
atentatorio%outrageous
atento%observant%intent%vigilant%thoughtful%regardful%heedful%watchful%sharp%careful%courteous%attentive%mindful
atenuación%attenuation%extenuation
atenuante%extenuating
atenuar%weaken%extenuate%attenuate%mitigate
ateo%atheistical%atheistic%atheist%godless
aterciopelado%velvety
aterosclerosis%atherosclerosis
aterrador%frightening%appalling
aterrar%astound%terrify%terrorize%demolish%affright%appall%astonish%appal
aterrizaje%touchdown%landing
aterrizaje forzoso%forced landing%emergency landing
aterrizar%land%alight
aterrorizado%aghast
aterrorizar%terrorize
atesorar%hoard up%accumulate%hoard
atestación%witness%attestation%testimony
atestado%certificate%crowded%attestation%certification
atestar%cram%testify%stuff%pack%attest
atestiguación%attestation
atestiguar%testify%certify%vouch%attest
atezado%swarthy%sunburnt
atiborrado%jampacked
atiborrar%cram%fill
ático%attic%Attic
atiesar%stiffen%tighten
atildado%spruce%dapper
atildar%criticize
atinado%pertinent
atinar%hit%find
atípico%atypical%untypical
atirantar%tighten
atisbar%watch
atizador%poker
atizar%poke
atlante%atlas
atlántico%atlantic%Atlantic
Atlántico%Atlantic
atlas%atlas
atleta%athlete%jock
atlético%athletic
atletismo%athletics%athleticism
atmósfera%atmosphere
atmosférico%atmospherical%atmospheric
atoar%tow
atolladero%impasse
atolón%atoll
atolondrado%heedless%frivolous%reckless%harum-scarum%careless
atolondrar%stun
atomicidad%atomicity
atómico%atomic
atomista%atomist
atomístico%atomistic
atomización%atomization
atomizado%atomized
atomizador%atomizer%spray
atomizar%atomize%spray
átomo%grain%atom
atónito%thunderstruck%amazed%dumbfounded%aghast
átono%unstressed
atontado%stupid%groggy
atontamiento%stupor%dulling
atontar%stupefy%fuddle%hocus
a tope%jampacked
atorar%stop%choke
atormentado%racked%tormented
atormentador%tormentor%torturer
atormentar%harrow%tantalize%harass%pother%tease%rack%torment%agonize%scourge%harry%plague%torture%excruciate
atornillado%bolted
atornillar%screw
atorrante%tramp
atortolar%scare
atosigado%nagged
atosigar%poison%plague
atrabiliario%atrabilious%bad-tempered
atracadero%quai
atracador%robber%mugger
atracar%land%cram%assault%attack%stuff
atracción%attractiveness%draw%pull%appeal%gravity%attraction
atraco%holdup%assault
atractivamente%attractively
atractivo%winsome%attractiveness%nice-looking%appeal%attractive%prepossessing%gracious%fetching%attraction%inviting%appealing%glamour%glamor%alluring%seductive%charm%seductiveness%glamorous%tempting
atraer%attract%engage%entice%draw%beckon%fix%allure%magnetize%lure%pull%tempt%catch
atragantarse%gag
a traición%traitorously
atraído%allured%attracted
atrancar%bar%clog
atrapar%nail%get%entrap%take%deceive%catch
atrás%behind%after%aback%backward%back%backwards%ago
atrasado%behindhand%backward%back%retarded%late%belated%overdue
atrasar%put back%retard%hold up%slow down%slow
atrasarse%lag%fall behind
atraso%retardation%delay%backwardness
atravesado%oblique%slanting%athwart%traverse%across
atravesar%stick%cross%overpass%go over%break through%go across%traverse%pierce%transfix%reaching
atravesarse%intervene
atrayendo%attracting
atrayente%inviting%alluring%appealing%fetching%catchy%attractive
atreverse%dare%venture%hazard
atrevidamente%daringly
atrevido%barefaced%venturous%venturesome%bold%presumptuous%pert%impudent%forward%audacious%nervy%daredevil%daring%enterprising%immodest%insolent%durst
atrevimiento%impudence%dare%presumptuousness%boldness%audacity%daring%presumption%confidence
atribución%attribution
atribuible%attributable
atribuir%impute%attribute%ascribe%assign%give%accredit%set
atribular%trouble%grieve
atribularse%grieve
atributo%attribute%characteristic
atribuyendo%attributing
atril%lectern
atrio%forecourt%atrium
atrocidad%cruelty%enormity%viciousness%atrocity
atrocidades%monstrosities
atrofia%atrophy
atrofiar%stunt
atronador%thundering%thunderous%deafening
atronar%deafen%stun%bewilder
atropelladamente%helter-skelter
atropellado%hasty%impetuous
atropellar%trample%outrage%knock over%run over%knock down
atropellarse%jostle
atropello%outrage%disregard
atropina%atropine
atroz%heinous%direful%enormous%vicious%cruel%awful%atrocious%excruciating%nefarious%unspeakable%vast
atuendo%rig
atufo%irritation
atún%tuna%tunny
aturdido%thunderstruck%stunned%confused%harebrained%headless%bewildered%numbly
aturdidor%stunning
aturdimiento%bewilderment%daze%fuddle%fluster
aturdir%stupefy%maze%confuse%bemuse%befuddle%stun%daze%fuddle%confound%stagger%drug%intoxicate
aturrullado%bewildered%perplexed
atusar%trim
audacia%audacity%hardihood%front%forwardness%boldness%bravura
audaz%fearless%venturesome%bold%audacious
audibilidad%audibility
audible%audible
audición%hearing
audiencia%hearing%audience
audiencia oficial%official hearing
audífono%earphone
audífonos%headset%headpiece
audiolibro%audiobook
audiómetro%audiometer
auditivo%aural%auditory
auditor%auditor
auditoría%audit
auditorio%audience%auditory%auditorium
auge%top%heyday%boom%zenith%peak%upswing
augurar%foreshadow
augurio%augury%foreboding%augur
augusto%grand%august%stately
Augusto%Augustus
Augustus%Augustus
aula%theatre%schoolroom%theater%classroom
aullador%howling
aullar%bay%howl%caterwaul%yowl%yell
aullido%howl%yowl%yell
aumentado%expanded%augmented
aumentar%step up%rise%enhance%boost%wax%grow%augment%swell%enlarge%intensify%add to%heighten%extend%magnify%put up%improve%mount%increase%accumulate%amplify%accrue%expand%enlarging
aumentarse%accrue%increase
aumentativo%augmentative
aumento%advance%extension%expansion%rise%magnification%increase%gain%raise%hike%improvement%amplification%accretion%accession%increment%growth%augmentation%upturn
aún%yet%still
aun%yet%still%more
aunar%join
aunarse%combine%join
aun así%nevertheless
aunque%although%albeit%even though%tho%while%even if%notwithstanding%as%though
aupar%boost
aura%air
áureo%gold%golden
aureola%nimbus%gloriole%aureole%halo
auricular%receiver%aural%headphone%auricular%handset%earpiece%little finger
auriculares%headphones%headset%headpiece
aurífero%auriferous
aurora%dawn%aurora
aurora boreal%aurora borealis
auscultar%auscultate%examine%sound
ausencia%want%lack%non-attendance%absence%dearth%deficiency
ausente%absentee%missing%off%absent
auspiciar%sponsor
auspicio%auspice
auspicios%auspices
austeridad%severity%rigor%austerity
austero%severe%stern%austere
austral%austral%southern
Australia%Australia
australiano%australian%Australian%Aussie
Austria%Austria
austriaco%Austrian
austríaco%Austrian%austrian
Austria-Hungría%Austria-Hungary
autarquía%autarchy
autárquico%autarchic
autenticación%attestation%authentication%probate
auténticamente%authentically
autenticar%authenticate%attest
autenticidad%authenticity%genuineness%originality
auténtico%solid%pukka%genuine%authentic%unfailing%true%real
autentificar%authenticate
autismo%autism
auto%auto%car%automobile
autoadhesivo%self-sealing
autobiografía%autobiography
autobiográfico%autobiographical%autobiographic
autobús%bus%omnibus%autobus
autobús escolar%school bus
auto-canibalismo%self-cannibalism
autocar%coach
autoclave%autoclave
autocomplacencia%complacency
autocracia%autocracy
autócrata%autocrat
autocrítica%self-criticism
autóctono%autochthon%indigenous%native%autochthonous
autodefensa%self-defence%self-defense
autodegradación%self-abasement
autodeterminación%self-determination
autodidacta%autodidact
autodominio%self-control
autoecología%autoecology
autoelevador%fork-lift
autofagia%autophagy
autofelicitación%self-congratulation
autofobia%autophobia
autógeno%autogenous
autogiro%autogiro
autógrafo%autograph
auto-inculpado%self-confessed
autoinmunidad%autoimmunity
autómata%automaton%robot%automata
autómata celular%cellular automaton
automáticamente%automatically
automático%automatical%self-acting%automatic%mechanical
automatismo%automatism
automatización%automation
automatización de pruebas%test automation
automatizar%automate
automóvil%auto%motorcar%car%motor%motor vehicle%automobile
automovilismo%motoring
automovilista%motorist
autonomía%self-government%range%autonomy
autonómico%autonomic
autónomo%self-contained%self-governing%autonomous%stand-alone%autonomic
autopista%speedway%freeway%expressway%superhighway%parkway%motorway%highway%autobahn
autopropulsado%self-propelled
autopsia%autopsy%postmortem
autor%writer%parent%maker%originator%author%perpetrator
autora%authoress
autoridad%pomp%warrant%power%authority%warranty
autoridades%authorities
autor intelectual%mastermind
autoritario%bossy%imperious%authoritarian%peremptory%masterful%authoritative%magisterial
autoritarismo%authoritarianism
autorización%warrant%licence%allowance%permission%license%authorization%sanction%authority%warranty
autorizado%authoritative%official
autorizar%authorize%warrant%permit%empower%approve%allow%authenticate%accredit%entitle
autorretrato%self-portrait
autoservicio%self-service
autostop%hitch-hiking
autostopista%hitch-hiker
autosuficiencia%self-sufficiency%complacency
autosuficiente%self-contained%self-sufficient
autosugestión%autosuggestion
autotomía%autotomy
autovía%superhighway%motorway
Auvernia%Auvergne
auxiliar%helper%assistant%ancillary%help%auxiliary%subsidiary
auxilio%succor%aid%assistance%help%succour%mayday
avalancha%avalanche%spate%snowslide
avalancha volcánica%volcanic avalanche
avalorar%encourage
avaluar%value
avance%advance%push%progress%attack%looting%development%headway
avances%progresses
avante%ahead%forward
avanzado%progressive%forward%advanced
avanzar%advance%move%go forward%progress%proceed%forward%drag
avar hablado%Avar Spoken
avaricia%greed%parsimony%miserliness%avarice%stinginess
avariento%miserly%miser%avaricious
avaro%niggard%miser%grasping%avaricious%parsimonious%money-grubber%tight-fisted%miserly%stingy%penurious%greedy%skinflint%close-fisted%grasper
avasallamiento%enslavement
avasallar%thrall%subdue
avasallarse%submit
avatar%avatar
ave%fowl%bird
a veces%sometimes
avecinarse%approach
ave de paso%migrant
avefría%pewit%peewit%lapwing
avellana%hazelnut%filbert
avellanado%nutty%hazel
avellano%hazel%filbert
avena%oatmeal%oat%oats
avenamiento%drainage
avenar%drain
avenencia%harmony%agreement
aveníceo%oaten
avenida%avenue%spate%boulevard%freshet%flood
avenirse%agree
aventador%fan
aventajado%advantaged
aventajar%prefer%outgo%surpass%outmatch%lap%outrun%outstrip%top%excel%beat%exceed
aventar%fan
aventura%adventure%venture%hazard
aventurado%venturous%risky%adventurous
aventurar%gamble%stake%venture%hazard%risk
aventurarse%gamble%venture
aventurera%adventuress
aventurero%adventurous%adventurer
avergonzadamente%ashamedly
avergonzado%ashamed%shamefaced%sheepish%disgracefully%hangdog
avergonzar%shame%abash
avergüenza%mortifies
avería%breakdown%trouble%damage%failure%fault
averiar%damage
averiarse%damage%ruin%addle%break down%spoil
averiguación%detection%investigation%inquiry%ascertainment
averiguar%ascertain%quarrel%find out%find%detect%get at%inquire%investigate
aversión%indisposition%hate%abomination%abhorrence%loathing%aversion%reluctance%nausea%disinclination%dislike%antipathy%disgust%distaste
averso%averse
aves de corral%poultry
avestruz%ostrich
avetado%veined
avezado%accustomed
avezar%inure%accustom
aviación%aeronautics%aviation%air force
aviador%flyer%flier%airman%pilot%aviator
aviar%outfit%hurry%furnish
ávidamente%hungrily
avidez%lust%greed%cupidity%greediness%avidity%eagerness%covetousness%rapacity
ávido%avid%covetous%eager%greedy%acquisitive%rapacious%voracious%hot
avinagrado%sour
avinagrar%sour
avío%preparation
avión%martin%plane%aircraft%airplane%aeroplane
avión de combate%warplane
avión de línea%airliner
aviónica%avionics
avisado%clever
avisando%warningly
avisar%alert%caution%advise%inform%warn%announce%apprise%forewarn%notify
aviso%advertisement%caution%monition%premonition%message%notice%word%notification%ad%warning%announcement%advice
avispa%wasp
avispero%wasps' nest
avispón%hornet
avistar%sight%glimpse
avitaminosis%avitaminosis
avituallar%provision
avivar%enliven%jazz%vivify%stimulate%speed%hurry%revive%quicken
awyu central%Central Awyu
axila%armpit%underarm%oxter%axilla
axilar%axillary
axioma%axiom
axiomático%axiomatic
axón%axon
ay%ah%alas%oh%woe%ouch
aya%governess
ayer%yesterday
ayer por la mañana%yesterday morning
ayer por la tarde%yesterday afternoon
ayo%tutor
ayuda%support%assistance%boost%allowance%aid%lift%help%subvention
ayuda alimentaria%food aid
ayudado%assisted
ayuda humanitaria%humanitarian aid
ayudante%aid%helper%assistant%helpmate%aide%adjutant%adjunct%gillie%mate
ayudante de camarero%busboy
ayudar%support%assist%aid%help
ayunar%fast
ayuno%fasting%fast
ayuntamiento%city hall%town hall
azada%hoe
azadón%mattock%hoe
azadonar%hoe
azafata%air hostess%stewardess%hostess
azafrán%crocus%saffron
azalea%azalea
azar%random%luck%chance%venture%hazard
Azerbaiyán%Azerbaijan
Azerbaiyán Oriental%East Azerbaijan
azimut%azimuth
ázoe%nitrogen%azote
azogado%restless
azogue%mercury%quicksilver
azor%goshawk
azorar%alarm
azotacalles%lounger%loafer%idler
azotado%whipped
azotador%switcher
azotaina%spanking%leathering%whipping
azotamiento%flogging%lashing%whipping
azotar%lash%switch%whip%flagellate%beat%scourge%flog
azote%lash%cat-o'-nine-tails%whip%scourge
azotea%terrace
azteca%Aztec%aztec
azúcar%sugar
azucarado%sweet%sugary
azucarar%sweeten%sugar
azúcar de palma%palm sugar
azúcar de plomo%sugar of lead
azucarero%sugar-basin%caster
azúcar moreno%brown sugar
azucena%lily
azud%weir
azuela%adze
azufaifo%jujube
azufrar%sulphurate%sulphurize
azufre%sulphur%sulfur%brimstone
azul%blue
azulado%bluish
azular%blue
azul celeste%azure%sky-blue
azul claro%light blue
azulejar%tile
azulejo%tile
azulete%blue
azulino%bluish
azul oscuro%dark blue
azur%azure
azurita%azurite
azuzar%bait%hound
BA%BA
baba%slime%spittle
babaza%slime
babear%slobber%dribble%slaver%drivel%drool
babero%dicky%bib
Babilonia%Babylon
babosa%slug
babosear%slobber%slaver%drivel%drool
baboso%slobbery%moronic%slimy
babucha%slipper
babuino%baboon
bacalao%codfish%cod
bacama hablado%Bacama Spoken
bacanal%bacchanalia
bache%hole%bump%pothole
bachero%potman
bachiller%bachelor
bachillerato%baccalaureate%highschool
bacilo%germ%bacillus
bacín%chamber pot
bacinica%bedpan
backgammon%backgammon
baclofeno%baclofen
bacteria%germ%bacteria%bacterium
bacteriano%bacterial
bactericida%bactericide
bacteriófago%bacteriophage
bacteriología%bacteriology
bacteriológico%bacteriological
bacteriólogo%bacteriologist
báculo%crook
badajo%clapper
bádminton%badminton
badulaque%dunderhead
BAe%BAe
bagaje%baggage
bagajero%porter
bagatela%trifle%bagatelle
Bagdad%Baghdad
bagre%catfish
bahía%bay
baht tailandés%Thai baht
bailador%dancer
bailadora%dancer
bailaora%flamenco dancer
bailar%spin%hop%dance%prance%jig
bailar el vals%waltzing
bailarín%dancer
bailarina%danseuse
baile%dancing%dance%ball%boogie
bajá%pasha%pacha
baja%sag%descent%drop%decay%decline%decrease%fall%falling%abatement
Baja Austria%Lower Austria
bajada%descent%inclination%drop%declension%subsidence%downhill%fall%slope%falling%hang
bajamar%ebb
bajar%abate%soften%decline%bring down%climb down%subside%recede%pull down%go down%turn down%down%sag%droop%take down%fall off%come down%let down%lower%walk down%get off%drop%decrease%descend%sink%cut%fall%put down%drop off%dip%reduce%demean%get down%dismount%alight
bajarse%get down
Baja Sajonia%Lower Saxony
bajel%vessel%ship
bajeza%meanness%baseness%lowness
bajo%small%sordid%short%on%underneath%in%low%down%shoal%base%below%deep%lowly%under%bass%low-down%shallow%despicable%bottom%mean%bank%beneath%lower%basso%subdued
bajo cuerda%under-the-counter
bajo de espíritu%chapfallen
Bajo Egipto%Lower Egypt
bajo en calorías%lite
bajo la alfombra%underlay
bajón%bassoon
bajonista%bassoonist
Bakersfield%Bakersfield
bala%packet%bullet%bale%ball%pellet%slug%pack%shot
balacera%drumfire%shootout
balada%ballad%ballade
bala de plata%silver bullet
baladí%trashy%negligible%nugatory%paltry%trivial
baladrar%scream
baladronada%bravado%braggadocio
baladronear%boast
balance%swing%balance-sheet%balance%rocking%stocktaking
balancear%swing%dangle%balance%weigh%poise%rock%sway
balancearse%swing%wobble%rock%bob%sway
balance energético%energy balance
balanceo%swing%swinging%rocking%swaying%roll%sway
balancín%yoke%pole%outrigger
balandra%sloop
balandrista%yachtsman
balanza%balance%scale%scales
balar%baa%bleat
balasto%ballast%gravel
balaustrada%banister%railing%balustrade%parapet%banisters
balazo%bullet wound%gunshot%shot
balbuceando%mumbling
balbucear%stutter%stammer%prattle%babble
balbucencia%stammer
balbuceo%babbling%stammer%splutter%babble
balbucir%stutter%falter%stammer
balcánico%balkan
balcón%balcony
baldado%cripple
baldaquín%baldachin%canopy
baldaquino%canopy
baldar%cripple
balde%tub%pail%bucket
baldear%wash
baldío%waste%fallow%wasteland
baldón%disgrace
baldonar%insult
baldosa%tile%sett
Baldwin%Baldwin
balear%shoot
balido%baa%bleat%bleating
balística%ballistics
balístico%ballistic
baliza%buoy%beacon
ballena%bone%whalebone%whale
ballena azul%blue whale
ballena blanca%white whale
ballena jorobada%humpback whale
ballenero%whaler
ballesta%spring%crossbow
ballet%ballet
balneario%baths%health resort%watering place%spa
balochi occidental%Western Balochi
balochi oriental%Eastern Balochi
balón%ball%football%balloon
baloncesto%basketball
balonmano%handball
balonvolea%volleyball
balsa%float%ferry%raft%pool%swamp
balsa de residuos%tailings pond
balsámico%balsamic
bálsamo%balsam%salve%balm
balsero%ferryman
báltico%Baltic%baltic
Baltimore%Baltimore
baluarte%sconce%rampart%bastion%bulwark
balumba%heap
bambalear%sway
Bamberger%Bamberger
bamboleando%waggling
bambolear%swing%falter%sway
bambolearse%swing%falter%totter%sway
bamboleo%roll
bambú%bamboo
bañador%bathing costume%swimsuit%bathing suit%bathing trunks
banal%hackneyed%trivial%banal
banalidad%banality%triviality%triteness
banalidades%banalities
banana%banana
banano%banana tree
bañar%wash%bathe%bath%suffuse
bañarse%bathe%bath
banca%banking%bank
bancada%bench
banca en línea%online banking
bancal%patch
bancario%banking
bancarrota%bankruptcy%smash
banco%shoal%bed%seat%bank%pew%shelf%bench%school
Banco Central Europeo%European Central Bank
banco de inversiones%investment bank
banco de nieve%snowbank
banco de semillas%seed bank
banco de trabajo%workbench
banco privado%private bank
bancos%benches
banda%band%troop%strap%sash%bank%gang%strip%side%company%lane%ribbon%set
banda ancha%broadband
bandada%flight%flock%covey%bevy%troop%pack
banda de absorción%absorption band
banda de la casa%house band
banda sonora%soundtrack
bandear%cross
bandeja%salver%tray%plate
bandera%banner%standard%flag%ensign
banderín%pennon%pennant
banderola%pennant%flag
bandidaje%brigandage%banditry
bandido%outlaw%bandit%brigand%desperado
bando%proclamation%side%edict%party
bandolera%bandoleer
bandolerismo%brigandage%banditry
bandolero%highwayman%outlaw%bandit%brigand%desperado
bandoleros%highwaymen
bandullo%gut
bañera%tub%bathtub%bath
Bangladesh%Bangladesh
baniano%banian
bañista%bather
banjo%banjo
baño%tub%coating%bathtub%toilette%toilet%washroom%bath%bathing%bathrooms
baño de sangre%blood-letting
baños%spa
banquero%banker
banqueta%sidewalk%bench
banquete%banquet%junket%feast%dinner
banquetear%banquet%feast
banquillo%stool
banquillos%benches
bao%beam
baque%thump%thud
baqueano%expert%guide
baquelita%bakelite
baqueta%ramrod
baquetear%annoy
bar%bar%taproom%pub%buffet%saloon
baraja%pack
barajada%shuffle
barajadura%shuffle
